target,target_name,model,rmse,mae,r2,mape
energy,Consommation électrique (kWh/hab),Stacking Ensemble,48.18290592704874,31.50538676971405,0.7678349657847477,18.690728420723406
health,Mortalité infantile,LightGBM,6.194275575054665,4.8469786670899495,0.9173124971619914,7.489239023095465
access,Taux d'accès à l'électricité,Stacking Ensemble,4.664768003197628,3.650124766817059,0.9403400391749589,7.631316326990312
